model_variant,cv_f1_macro_mean,cv_recall_macro_mean,cv_accuracy_mean
best_untuned,0.4176073021045088,0.4455315228081932,0.47770613656633565
best_tuned,0.4176399485872892,0.4455062452509736,0.4777817120421354
