threshold,high_confidence_share,high_confidence_accuracy,low_confidence_accuracy
0.6,0.08849156383782422,0.6454183266932271,0.4617084760747044
0.7,0.021959204230672373,0.7545871559633027,0.47175446727431897
0.8,0.002316796776630572,0.8913043478260869,0.47700540158513804
0.9,0.0002014605892722236,0.75,0.47791043272379224
