model,recall_class_0_NO,recall_class_1_GT30,recall_class_2_LT30,recall_macro
LogisticRegression,0.585966892400301,0.329426897241675,0.42857142857142855,0.4479884060711348
XGBoost,0.8261851015801355,0.4096041160497356,0.03504043126684636,0.4236098829655725
RandomForest,0.830887885628292,0.382449621266257,0.012578616352201259,0.4086387077489167
