model,cv_f1_macro_mean,cv_recall_macro_mean,cv_accuracy_mean
Dummy::stratified,0.33674743499915705,0.3367526755771253,0.4266569567890615
Dummy::uniform,0.3089353380431142,0.33324450510286935,0.336750831710598
Dummy::most_frequent,0.23251719087121864,0.3333333333333333,0.5355694386778346
