{
  "LogisticRegression": {
    "0": {
      "precision": 0.6594686143749339,
      "recall": 0.585966892400301,
      "f1-score": 0.620548832113153,
      "support": 10632.0
    },
    "1": {
      "precision": 0.45553359683794464,
      "recall": 0.329426897241675,
      "f1-score": 0.38235050178319646,
      "support": 6997.0
    },
    "2": {
      "precision": 0.17838444278234855,
      "recall": 0.42857142857142855,
      "f1-score": 0.251914444151043,
      "support": 2226.0
    },
    "accuracy": 0.4779148829010325,
    "macro avg": {
      "precision": 0.43112888466507576,
      "recall": 0.4479884060711348,
      "f1-score": 0.41827125934913084,
      "support": 19855.0
    },
    "weighted avg": {
      "precision": 0.5336652054768523,
      "recall": 0.4779148829010325,
      "f1-score": 0.4952779247889343,
      "support": 19855.0
    }
  },
  "RandomForest": {
    "0": {
      "precision": 0.6124514697726012,
      "recall": 0.830887885628292,
      "f1-score": 0.7051404853128991,
      "support": 10632.0
    },
    "1": {
      "precision": 0.4987884436160298,
      "recall": 0.382449621266257,
      "f1-score": 0.4329396537777059,
      "support": 6997.0
    },
    "2": {
      "precision": 0.42424242424242425,
      "recall": 0.012578616352201259,
      "f1-score": 0.02443280977312391,
      "support": 2226.0
    },
    "accuracy": 0.5811130697557291,
    "macro avg": {
      "precision": 0.5118274458770184,
      "recall": 0.4086387077489167,
      "f1-score": 0.38750431628790966,
      "support": 19855.0
    },
    "weighted avg": {
      "precision": 0.5512954118845276,
      "recall": 0.5811130697557291,
      "f1-score": 0.5328995130639298,
      "support": 19855.0
    }
  },
  "XGBoost": {
    "0": {
      "precision": 0.6230671017165555,
      "recall": 0.8261851015801355,
      "f1-score": 0.7103922361504246,
      "support": 10632.0
    },
    "1": {
      "precision": 0.5124262470945825,
      "recall": 0.4096041160497356,
      "f1-score": 0.45528196981731534,
      "support": 6997.0
    },
    "2": {
      "precision": 0.47560975609756095,
      "recall": 0.03504043126684636,
      "f1-score": 0.06527196652719665,
      "support": 2226.0
    },
    "accuracy": 0.5906824477461596,
    "macro avg": {
      "precision": 0.5370343683028996,
      "recall": 0.4236098829655725,
      "f1-score": 0.4103153908316455,
      "support": 19855.0
    },
    "weighted avg": {
      "precision": 0.5675448599065416,
      "recall": 0.5906824477461596,
      "f1-score": 0.548163867794138,
      "support": 19855.0
    }
  }
}